{
  "HTTP Request Заглавная страница" : {
    "transaction" : "HTTP Request Заглавная страница",
    "sampleCount" : 1,
    "errorCount" : 0,
    "errorPct" : 0.0,
    "meanResTime" : 375.0,
    "medianResTime" : 375.0,
    "minResTime" : 375.0,
    "maxResTime" : 375.0,
    "pct1ResTime" : 375.0,
    "pct2ResTime" : 375.0,
    "pct3ResTime" : 375.0,
    "throughput" : 2.6666666666666665,
    "receivedKBytesPerSec" : 367.6848958333333,
    "sentKBytesPerSec" : 0.78125
  },
  "HTTP Request Результат поиска Таганрог " : {
    "transaction" : "HTTP Request Результат поиска Таганрог ",
    "sampleCount" : 1,
    "errorCount" : 0,
    "errorPct" : 0.0,
    "meanResTime" : 636.0,
    "medianResTime" : 636.0,
    "minResTime" : 636.0,
    "maxResTime" : 636.0,
    "pct1ResTime" : 636.0,
    "pct2ResTime" : 636.0,
    "pct3ResTime" : 636.0,
    "throughput" : 1.5723270440251573,
    "receivedKBytesPerSec" : 207.49189268867923,
    "sentKBytesPerSec" : 0.7800216194968553
  },
  "HTTP Request Страница Таганрог" : {
    "transaction" : "HTTP Request Страница Таганрог",
    "sampleCount" : 1,
    "errorCount" : 0,
    "errorPct" : 0.0,
    "meanResTime" : 169.0,
    "medianResTime" : 169.0,
    "minResTime" : 169.0,
    "maxResTime" : 169.0,
    "pct1ResTime" : 169.0,
    "pct2ResTime" : 169.0,
    "pct3ResTime" : 169.0,
    "throughput" : 5.9171597633136095,
    "receivedKBytesPerSec" : 2604.058801775148,
    "sentKBytesPerSec" : 2.1264792899408285
  },
  "Total" : {
    "transaction" : "Total",
    "sampleCount" : 4,
    "errorCount" : 0,
    "errorPct" : 0.0,
    "meanResTime" : 363.75,
    "medianResTime" : 325.0,
    "minResTime" : 169.0,
    "maxResTime" : 636.0,
    "pct1ResTime" : 636.0,
    "pct2ResTime" : 636.0,
    "pct3ResTime" : 636.0,
    "throughput" : 0.893854748603352,
    "receivedKBytesPerSec" : 170.69090432960894,
    "sentKBytesPerSec" : 0.3600733240223464
  },
  "HTTP Request Страница поиска" : {
    "transaction" : "HTTP Request Страница поиска",
    "sampleCount" : 1,
    "errorCount" : 0,
    "errorPct" : 0.0,
    "meanResTime" : 275.0,
    "medianResTime" : 275.0,
    "minResTime" : 275.0,
    "maxResTime" : 275.0,
    "pct1ResTime" : 275.0,
    "pct2ResTime" : 275.0,
    "pct3ResTime" : 275.0,
    "throughput" : 3.6363636363636362,
    "receivedKBytesPerSec" : 196.03338068181816,
    "sentKBytesPerSec" : 1.6832386363636362
  }
}